invoice_number,client_name,client_email,client_address,date,due_date,description,qty,unit_price,tax_rate,notes,currency
INV-1001,Acme Dental,office@acmedental.example,"2210 Oak Ave
Austin, TX 78704",2026-09-01,2026-09-16,Landing page design,1,1200,0,Rush optional — reply to approve.,$
INV-1001,Acme Dental,office@acmedental.example,"2210 Oak Ave
Austin, TX 78704",2026-09-01,2026-09-16,Copywriting (homepage + services),1,450,0,,$
INV-1001,Acme Dental,office@acmedental.example,"2210 Oak Ave
Austin, TX 78704",2026-09-01,2026-09-16,Stock photo license pack,1,89,8.25,,$
INV-1002,Bright HVAC,ops@brighthvac.example,"88 Industrial Blvd
Round Rock, TX 78664",2026-09-05,2026-09-20,Google Business Profile setup,1,350,0,Includes 4 weekly post templates.,$
INV-1002,Bright HVAC,ops@brighthvac.example,"88 Industrial Blvd
Round Rock, TX 78664",2026-09-05,2026-09-20,Missed-call SMS scripts (customize),1,199,0,,$
INV-1003,Solo Freelancer Jane,jane@example.com,Remote,2026-09-10,2026-09-24,Monthly retainer — design support,1,2500,0,September 2026 retainer.,$
